"site","COCKSSL","CODPAC","GREENMAS","GREENWHI","GUNNCRE","GUNNPEN","HERRING","LINGCOD","PACCOD","PERCHSH","PIPEFISH","POATUBE","PRICKSN","ROCKBRO","SALCOHO","SANDLNCP","SCULBUF","SCULGRT","SCULPSTG","SCULSAIL","SCULSILV","SDABPAC","SOLEENG","SOLEROC","STICK3","TUBESNT","UNARTE","UNGUNN","UNLORD","total_fish_mass"
"2018_H_01",0,222.641770162961,0,130.097248413063,795.95044731552,0.630286936677099,0,11.4030875,0,708.755370706999,58.903917375623,84.6923555988626,2070.58486211543,0,7.1238272,5851.78837902198,0,345.916302959753,1808.80584246207,0.666966831168141,8.07333658452066,70.3010401430301,240.539929046198,416.152257354459,4.5653586867806,16.927036810627,0,0.0642481643080138,55.9538155578812,12910.5376869479
"2018_H_02",0.290514199103554,654.087906406064,5.2503842035912,17.3170678482305,416.886807276396,0,0,0,0,504.597843384771,8.58474124659218,81.7527868011067,540.627428012999,4.96951164166486,0,0,0,65.3669260569843,0,0,5.21834778578393,0,26.1554369752889,22.1698670483196,2.62166551651758,20.3778511090219,8.2905821799849,3.14130741452103,44.0033699933243,2431.71034510027
"2018_H_03",0.486289528816444,0,0,18.9941494090759,425.710113931719,1.26508121010024,84.6368028729113,0,42.1570023081612,21991.596322831,16.187992881465,13.9332580854347,15171.6096525804,0,0,20.3459629090996,0,100.491510060357,1739.05975615089,0,66.3072474428739,0,69.1237381416284,190.757633946449,283.429664587313,0,13.7049882658112,0,13.8790935867777,40263.6762607303
"2018_L_01",0,0,0,60.333812930318,25.9412501545173,0,0,0,0,2836.21967427091,4.47508948742148,2.17815112727444,3.81339489221351,0,1.1628176,0,0,14.372388348684,0,0,0,0,0,0,232.013167580905,29.2443142293251,0,0.143403701266416,1.6126321874795,3211.51009651031
"2018_L_02",0.161329242168027,0,0,0,255.17205248471,0,0,0,0,814.792709194419,29.5606887917064,43.7926788989309,1488.157625799,0,0,0,0.0662740430080941,1013.50667627924,1246.33066911928,0,0,0,0,105.513401005956,5734.19476888529,14.1543826728686,72.7871614699227,0,6.50554034927026,10824.6959582358
"2018_L_03",0.3657558447201,147.637600464342,0,11.0999799027961,485.042023177908,6.2888877879846,1.62122595497135,0,0,472.380878035551,50.8376220498148,2.17815112727444,2305.84744171677,0,0,57.5878336223931,100.020428213593,135.148603834442,759.535379769585,0,0,57.499533548492,25.1916656126946,0,1228.6873663492,12.5631148431655,318.690690456067,0,0,6178.22418231177
