"site","COCKSSL","CODPAC","GREENMAS","GREENWHI","GUNNCRE","GUNNPEN","HERRING","LINGCOD","PACCOD","PERCHSH","PIPEFISH","POATUBE","PRICKSN","ROCKBRO","SALCOHO","SANDLNCP","SCULBUF","SCULGRT","SCULPSTG","SCULSAIL","SCULSILV","SDABPAC","SOLEENG","SOLEROC","STICK3","TUBESNT","UNARTE","UNGUNN","UNLORD","total_fish_mass"
"2018_H_01",0,222.641770162961,0,130.097248413063,871.892379616891,0.630286936677099,0,11.4030875,0,746.222578224633,58.903917375623,86.5211557733354,2100.39100507207,0,7.1238272,5689.86250128623,0,345.916302959753,1808.80584246207,0.666966831168141,8.07333658452066,70.3010401430301,240.539929046198,416.152257354459,4.5653586867806,16.927036810627,0,0.0642481643080138,55.9538155578812,12893.6558921623
"2018_H_02",0.290514199103554,719.016849638828,5.2503842035912,17.3170678482305,462.61156496431,0,0,0,0,545.695375344402,8.58474124659218,85.3445382247661,560.315671311106,4.96951164166486,0,0,0,65.3669260569843,0,0,5.21834778578393,0,26.1554369752889,22.1698670483196,2.62166551651758,20.3778511090219,8.2905821799849,3.14130741452103,44.0033699933243,2606.74157270234
"2018_H_03",0.486289528816444,0,0,18.9941494090759,434.654619202889,1.26508121010024,84.6368028729113,0,42.1570023081612,22705.6479091252,16.187992881465,13.9332580854347,16078.9296903384,0,0,20.3459629090996,0,100.491510060357,1739.05975615089,0,66.3072474428739,0,69.1237381416284,190.757633946449,314.10204440953,0,13.7049882658112,0,13.8790935867777,41924.6647698759
"2018_L_01",0,0,0,60.333812930318,25.9412501545173,0,0,0,0,2895.6505563638,4.47508948742148,2.17815112727444,3.81339489221351,0,1.1628176,0,0,14.372388348684,0,0,0,0,0,0,202.407176003132,29.2443142293251,0,0.143403701266416,1.6126321874795,3241.33498702543
"2018_L_02",0.161329242168027,0,0,0,345.653402192363,0,0,0,0,875.455806457983,29.5606887917064,43.7926788989309,1347.79523264005,0,0,0,0.0662740430080941,1352.25138084668,1246.33066911928,0,0,0,0,105.513401005956,5673.02000131136,14.1543826728686,72.7871614699227,0,6.50554034927026,11113.0479490415
"2018_L_03",0.3657558447201,147.637600464342,0,11.0999799027961,548.562649622437,6.2888877879846,1.62122595497135,0,0,463.405668298345,50.8376220498148,2.17815112727444,2351.01229523027,0,0,57.5878336223931,100.020428213593,129.49134624652,759.535379769585,0,0,57.499533548492,25.1916656126946,0,1233.87774914894,12.5631148431655,318.690690456067,0,0,6277.4675777444
