Sex,urchin,clam,mussel,crab,star,snail,worm,chiton,barnacle,other,abalone
F,0.603916979,5.540019066,0.093923875,2.37700511,0.058603936,0.393196508,0.00695672,0.060825984,0.000615808,0.492237683,0.010392143
M,0.207759223,6.738912512,0,0.579383326,0.035485177,1.409258511,0.00766667,0,0,0.156441892,0