"(Intercept)","epiphmass_shootmass_dt","NOx_site","sea_otter_index_tr","BIC","R^2","adjR^2","df","logLik","AICc","delta","weight"
0,-0.449373678842599,0.444202047805361,0.548752654558713,197.762564761536,0.422144197848872,0.422185149397488,5,-91.2699762864593,196.539952572919,0,0.205141946946516
0,NA,NA,0.431509466335275,198.863704840599,0.186200419536954,0.186218482548531,3,-94.8650687637142,197.141902233311,0.601949660392108,0.151824816545876
0,NA,0.268543764266898,0.451741306014089,199.971201145887,0.2579068455268,0.25793186466665,4,-93.8965556974968,198.293111394994,1.75315882207508,0.085380928195394
0,-0.270505658279244,NA,0.481940245796876,200.00163879091,0.256830467180936,0.256855381903006,4,-93.911774520008,198.323549040016,1.78359646709737,0.0840913686817813
