"(Intercept)","asin(sqrt(diatom_dens/100))","epiphmass_shootmass_dt","fish_mass","sea_otter_index_tr","sed_inside_prim","BIC","R^2","adjR^2","df","logLik","AICc","delta","weight"
0,NA,NA,NA,0.431509466381698,NA,198.863704839565,0.186200419577019,0.1862184825886,3,-94.8650687631972,197.141902232277,0,0.0629870304302086
0,-0.310003581690743,NA,NA,0.481728594496366,NA,199.342902086188,0.27978067940951,0.279807820495786,4,-93.582406167647,197.664812335294,0.52291010301721,0.0484956346900749
0,NA,NA,-0.304479011539833,0.478623333433954,NA,199.432879727317,0.276688171576675,0.276715012663601,4,-93.6273949882114,197.754789976423,0.612887744146093,0.0463622229441961
0,NA,-0.270505658319431,NA,0.481940245866103,NA,200.001638789228,0.256830467240443,0.256855381962518,4,-93.9117745191672,198.323549038334,1.18164680605764,0.0348866919143742
0,-0.297208322979977,NA,-0.291462233588947,0.524755525303644,NA,199.824157433234,0.362537507565253,0.362572676762039,5,-92.3007726223083,198.601545244617,1.45964301233977,0.0303594347115868
0,NA,NA,NA,NA,NA,200.146046740678,0,0,2,-97.0285009326158,198.723668531898,1.58176629962136,0.0285611010586025
0,-0.435664912317139,NA,NA,NA,-0.472504985732305,200.593811847019,0.235575770690202,0.235598623527397,4,-94.2078610480625,198.915722096125,1.77381986384813,0.025946037672014
