"(Intercept)","asin(sqrt(diatom_dens/100))","epiphmass_shootmass_dt","log(fish_mass)","sea_otter_index_tr","sed_inside_prim","BIC","R^2","adjR^2","df","logLik","AICc","delta","weight"
0,NA,NA,NA,0.431509466381698,NA,198.863704839565,0.186200419577019,0.1862184825886,3,-94.8650687631972,197.141902232277,0,0.0640938920898646
0,NA,NA,-0.3082951541364,0.432353293912527,NA,199.3001444676,0.281245609596103,0.281272892792966,4,-93.5610273583531,197.622054716706,0.480152484429453,0.0504141974054874
0,-0.310003581690743,NA,NA,0.481728594496366,NA,199.342902086188,0.27978067940951,0.279807820495786,4,-93.582406167647,197.664812335294,0.52291010301721,0.0493478412210464
0,NA,NA,NA,NA,NA,200.146046740678,0,0,2,-97.0285009326158,198.723668531898,1.58176629962136,0.0290630010132981
0,NA,-0.251317156119394,NA,0.520861353094244,NA,200.43383541217,0.241376972877866,0.241400388480615,4,-94.127872830638,198.755745661276,1.61384342899913,0.0286005903058458
0,-0.435664912317139,NA,NA,NA,-0.472504985732305,200.593811847019,0.235575770690202,0.235598623527397,4,-94.2078610480625,198.915722096125,1.77381986384813,0.0264019835091648
