(Intercept),sea_otter_index_tr,BIC,R^2,adjR^2,df,logLik,AICc,delta,weight
0,-0.632184505,118.0591451,0.399657249,0.40100277,3,-54.46278888,116.3373425,0,0.380178106
