"(Intercept)","log(fish_mass)","sea_otter_index_tr","BIC","R^2","adjR^2","df","logLik","AICc","delta","weight"
0,NA,-0.632184505258324,118.059145065868,0.399657248688712,0.401002769995137,3,-54.4627888763489,116.33734245858,0,0.314569924507172
0,-0.235737634482304,-0.631539273235181,119.06382536055,0.455229064675661,0.456761678954107,4,-53.442867804828,117.385735609656,1.04839315107581,0.186235092048902
