"(Intercept)","asin(sqrt(diatom_dens/100))","crab_mass","fish_mass","grazermass_shootmass","Ntotal_site","BIC","R^2","adjR^2","df","logLik","AICc","delta","weight"
0,NA,NA,NA,NA,0.38111485984047,-70.351773019562,0.145248536391222,-0.00396418905023343,3,39.7426701663661,-72.0735756268499,0,0.0678165833704737
0,NA,NA,NA,NA,NA,-70.1004601563374,0,0,2,38.0947525158921,-71.5228383651176,0.550737261732309,0.0514926009594199
0,NA,NA,NA,-0.302888121621662,0.359621105361569,-69.6788643230146,0.236527769129121,-0.00645542334369758,4,40.9284770369541,-71.3569540739083,0.716621552941632,0.0473940162391869
0,NA,NA,NA,-0.328407800976165,NA,-69.4525183328512,0.107851683742,-0.00294353715611771,3,39.2930428230108,-71.1743209401392,0.899254686710719,0.0432578800369457
0,0.36079298223982,NA,NA,-0.419708924089505,NA,-69.4915506407489,0.229687364693746,-0.00626873191784499,4,40.8348201958213,-71.1696403916426,0.903935235207271,0.0431567631010912
0,NA,-0.258872262790868,NA,NA,0.366399444239677,-69.0160646004219,0.212046841377382,-0.00578727874035641,4,40.5970771756578,-70.6941543513156,1.3794212755343,0.0340250194357207
0,NA,-0.279699987011915,NA,NA,NA,-68.7666355972219,0.0782320827344657,-0.00213514554747464,3,38.9501014551961,-70.4884382045098,1.58513742234008,0.0306992445363321
0,0.254582778504227,NA,NA,NA,NA,-68.4631082092761,0.0648123911109328,-0.00176888922632156,3,38.7983377612232,-70.1849108165641,1.88866481028583,0.0263765234794064
0,NA,NA,0.208962540188722,NA,0.368154752058183,-68.4040687723427,0.188745915199616,-0.00515133927611698,4,40.2910792616182,-70.0821585232364,1.99141710361346,0.0250556213041783
