"(Intercept)","asin(sqrt(diatom_dens/100))","log(grazermass_shootmass)","macro_dens","sea_otter_index_tr","sed_inside_prim","BIC","R^2","adjR^2","df","logLik","AICc","delta","weight"
0,0.364089546947055,-0.507221896994847,NA,NA,NA,66.7690164495948,0.280308491967546,0.296145514188769,4,-27.2954633493506,65.0909266987011,0,0.0677378295394047
0,NA,-0.399254595436562,NA,NA,NA,66.9855468199871,0.159404231977212,0.168410339306534,3,-28.9259897534084,65.2637442126992,0.172817513998041,0.0621304401773018
0,NA,-0.405460143408913,NA,NA,-0.308000366489345,67.5165041217146,0.254229948909146,0.268593571366366,4,-27.6692071854104,65.8384143708209,0.747487672119775,0.0466140020776801
0,NA,NA,NA,0.355534369767007,NA,67.7941801803102,0.126404688085623,0.13354636916716,3,-29.33030643357,66.0723775730223,0.981450874321183,0.0414678889988876
0,NA,NA,NA,NA,NA,67.5875565910765,0,0,2,-30.7492558578148,66.1651783822964,1.07425168359525,0.0395877197969762
0,NA,-0.338853801060034,NA,0.283285587353754,NA,68.0234800167824,0.236006700018258,0.249340735410163,4,-27.9226951329443,66.3453902658887,1.25446356718757,0.0361766188572307
0,NA,NA,NA,NA,-0.299831212668265,68.6538910278634,0.0898987560901222,0.0949779050943715,3,-29.7601618573466,66.9320884205755,1.8411617218744,0.026979139192859
0,NA,NA,-0.298367584716136,NA,NA,68.6740838490686,0.0890232156093401,0.0940528978494811,3,-29.7702582679492,66.9522812417807,1.8613545430796,0.0267081172027818
