"(Intercept)","grazermass_shootmass","light_avail","NOx_site","BIC","R^2","adjR^2","df","logLik","AICc","delta","weight"
0,NA,NA,0.374631505765115,-70.2317364877546,0.140348765111838,-0.00383046226621913,3,39.6826519004625,-71.9535390950426,0,0.223670517827076
0,-0.320840788381947,NA,0.366945308318632,-69.8639875831489,0.243228498970201,-0.00663830270706023,4,41.0210386670213,-71.5420773340426,0.411461760999998,0.182079460137287
0,NA,NA,NA,-70.1004601563374,0,0,2,38.0947525158921,-71.5228383651176,0.430700729924993,0.180336346966075
0,-0.329631485182131,NA,NA,-69.4714810024281,0.108656916023378,-0.00296551392140595,3,39.3025241577992,-71.193283609716,0.760255485326525,0.152940097297227
0,NA,0.243348892429423,NA,-68.3378735025677,0.0592186834466273,-0.00161622321519343,3,38.735720407869,-70.0596761098556,1.89386298518696,0.0867684064019626
