"(Intercept)","asin(sqrt(diatom_dens/100))","crab_mass","epiphmass_shootmass_dt","BIC","R^2","adjR^2","df","logLik","AICc","delta","weight"
0,0.428405110477821,NA,-0.517963535477734,60.8353003824384,0.33883422911102,0.362455332741011,4,-24.3286053157723,59.1572106315447,0,0.122233520395391
0,0.499180408539058,0.272627369363788,-0.459727835837485,61.7479149866903,0.402660770400195,0.43073140485265,5,-23.2626513990366,60.5253027980732,1.36809216652853,0.0616755286246688
0,NA,NA,-0.40889897212688,62.6373863999953,0.167198369406419,0.178854246148495,3,-26.7519095434125,60.9155837927074,1.75837316116271,0.0507416329421799
