"(Intercept)","crab_mass","diatom_dens_as","epiphmass_shootmass_dt","BIC","R^2","adjR^2","df","logLik","AICc","delta","weight"
0,NA,0.433077146607101,-0.519848275470649,60.6135468764616,0.343167358269089,0.367192731784228,4,-24.2177285627839,58.9354571255679,0,0.225607194314914
0,0.269263839475136,0.50297925709747,-0.462331056578623,61.5667084441133,0.405428699693577,0.433813030863727,5,-23.1720481277481,60.3440962554961,1.40863912992828,0.111550326057392
0,NA,NA,-0.40959429218073,62.5393593089494,0.167767484187034,0.179512996614612,3,-26.7028959978895,60.8175567016615,1.88209957609359,0.0880359823074058
