"(Intercept)","epiphmass_shootmass_dt","BIC","R^2","adjR^2","df","logLik","AICc","delta","weight"
0,-0.40889897212688,62.6373863999953,0.167198369406419,0.178854246148495,3,-26.7519095434125,60.9155837927074,0,0.233920881888008
0,NA,63.4350198403478,0,0,2,-28.6729874824505,62.0126416315676,1.0970578388602,0.135159292482394
