"abundance","abundance_se","biomass","biomass_se","richness","richness_se","SW","SW_se"
1427.2380952381,265.018435160758,19.5701203665074,6.74694864121965,18.6666666666667,0.957012547395809,1.36097309741644,0.124647687539427
