,MeanC,SDC,MeanN,SDN,n
Clam,-16.25,0.7400921,9.868171,1.0397568,82
Crab,-14.39745,1.4429759,11.842308,1.1849669,22
Cucumber,-14.32734,0.8694578,10.304667,0.9267213,15
Mussel,-17.28574,0.986157,8.910385,0.6889498,26
Snail,-15.20195,1.1656483,11.349565,0.975022,23
Urchin,-13.29062,2.403597,7.961333,1.2758575,15