,MeanC,SDC,MeanN,SDN,n
Clam,-15.50105,0.5769207,10.363422,0.9165433,82
Crab,-13.95065,1.7903313,12.334563,1.2805995,22
Cucumber,-12.44852,0.8694578,11.535619,0.9267213,15
Mussel,-16.52315,0.3835322,9.426667,0.2958689,36
Snail,-15.34911,0.9640318,11.881889,0.4470601,16
Urchin,-12.04554,2.7132731,8.901002,1.2207127,15