"","PreyCat","Season","Cmean","Nmean","Csd","Nsd","Cse","Nse"
"1","Clam","Summer",-16.2225461753548,10.1893103448276,0.635462790591852,1.00723075464535,0.118002477797887,0.187038055606196
"2","Crab","Summer",-14.744162904392,12.0085,1.20891770312973,0.967907536906289,0.2703222163401,0.216430704845685
"3","Cucumber","Summer",-14.83876271684,10.228,0.540315682187943,0.708145465282381,0.241636518936283,0.316692279665924
"4","Mussel","Summer",-17.7536665774078,8.59,1.18453578096128,0.590338885725818,0.394845260320426,0.196779628575273
"5","Snail","Summer",-15.7840355053082,11.3909090909091,0.505448674532117,0.839374225783167,0.152398509473227,0.253080851419802
"6","Star","Summer",-16.8847107966036,9.60090909090909,0.97605650532024,1.20869727016697,0.294292109302979,0.364435939115516
"7","Tegula","Summer",-14.21454254556,9.91666666666667,0.925204912293539,0.245017006212494,0.534167305168239,0.14146063449282
"8","Urchin","Summer",-14.1484253682767,8.52133333333333,2.04907657504511,1.49206408645716,0.529069296683564,0.385249290554851
