urchin,clam,mussel,crab,star,snail,worm,chiton,barnacle,other,abalone
0.03107012,0.687588647,0.009410468,0.150910197,0.005481029,0.07828001,0.00049301,0.003674237,2.56986E-05,0.032684205,0.000382378